商品名,曝光量,点击量,访客数,下单数,支付金额,广告花费,成本,退货金额,库存
空气炸锅旗舰款,186000,8200,7600,620,158600,22600,78000,6200,480
夏季防晒衣,128000,6900,6100,430,96300,18200,51200,3800,360
儿童保温杯,86000,4300,3900,310,58900,7200,23800,1400,210
蓝牙耳机青春版,152000,3800,3500,160,54400,19600,35800,4200,540
宠物自动喂食器,64000,3100,2800,220,83600,9800,41200,2300,160
家用筋膜枪,72000,1800,1650,62,36580,11800,24600,1100,420
女士通勤双肩包,43000,2300,2050,155,69750,8600,32600,9800,120
厨房收纳置物架,38000,1600,1450,118,24780,3200,9100,760,620
男士速干T恤,96000,6200,5800,260,33800,10300,18600,2600,780
智能体脂秤,58000,1700,1580,52,12948,6400,7800,520,350
露营折叠椅,22000,980,880,74,22126,2600,11200,680,260
高端护眼台灯,114000,5100,4700,340,169660,24600,83600,15200,190
